question,answer,response
Â¿CuÃ¡l es el enfoque principal del capÃ­tulo 1 de este documento?,"Se centra en los modelos fÃ­sicos y matemÃ¡ticos, explicando principios fÃ­sicos fundamentales como las leyes que gobiernan el flujo de fluidos y las relaciones termodinÃ¡micas.","El enfoque principal del capítulo 1 de este documento es presentar los principios o leyes físicas que gobiernan el flujo de fluidos, las reglas que definen el comportamiento de los materiales involucrados, las relaciones termodinámicas entre las variables que caracterizan el fenómeno y los modelos matemáticos conformados por sistemas de ecuaciones diferenciales."
Â¿En que capitulo se explica Diferencias Finitas (FDM)?,Capitulo 2,"La respuesta es el Capítulo 2 y el Capítulo 3, específicamente en la sección 2.1 y 3.1 del libro ""Mecánica Computacional - Año 2020""."
Â¿QuÃ© son las ecuaciones de Navier-Stokes?,Son un conjunto de ecuaciones que describen el movimiento de fluidos viscosos y son fundamentales en la mecÃ¡nica de fluidos.,"Las ecuaciones de Navier-Stokes son un conjunto de ecuaciones diferenciales que describen el comportamiento de los fluidos en movimiento. Estas ecuaciones son fundamentales en la dinámica de fluidos y se utilizan para modelar una amplia variedad de fenómenos, desde las corrientes oceánicas hasta las explosiones de gases.

Las ecuaciones de Navier-Stokes pueden ser expresadas de varias maneras, pero la forma más común es la siguiente:

∂u/∂t + u ∇u = -1/ρ ∇p + ν ∇²u

donde:

* u es el vector de velocidad del fluido
* ρ es la densidad del fluido
* p es la presión del fluido
* ν es el coeficiente de viscosidad del fluido
* t es el tiempo
* ∇ es el operador gradient (del que se deduce ∂/∂x, ∂/∂y, etc.)
* u ∇u es el término advecivo, que describe la propagación del movimiento del fluido

Las ecuaciones de Navier-Stokes son no-lineales, lo que significa que no pueden resolverse en forma cerrada (es decir, sin necesidad de aproximaciones o suposiciones adicionales). Sin embargo, se pueden resolver utilizando técnicas numéricas y aproximaciones, como la méthode de diferencias finitas (FDM) que se menciona en el texto que proporcionaste."
Â¿QuÃ© es un fluido?,"Un fluido es una sustancia que puede fluir y tomar la forma del recipiente que lo contiene, incluyendo lÃ­quidos y gases.","Un fluido es una sustancia que puede fluir y cambiar de forma, pero no tiene estructura cristalina fija como los sólidos. Los fluidos pueden ser líquidos o gases.

En el contexto del texto proporcionado, se menciona que el fluido es agua (una sustancia líquida), por lo que podemos concluir que un fluido es cualquier sustancia que se encuentre en un estado líquido o gaseoso.

Sin embargo, para responder a la pregunta de si ""el fluido"" en sí mismo es un fluido, podríamos decir que el término ""fluido"" se refiere a una categoría de sustancias que tienen ciertas propiedades, como la capacidad de fluir y cambiar de forma. En este sentido, el término ""fluido"" no es un estado físico o una sustancia específica, sino más bien un concepto que describe una clase de sustancias.

Por lo tanto, la respuesta a la pregunta es que el término ""fluido"" en sí mismo no es un fluido, pero se refiere a una categoría de sustancias que tienen ciertas propiedades."
Â¿QuÃ© es un modelo computacional?,Un modelo computacional es una simulaciÃ³n por computadora que utiliza algoritmos y datos para resolver problemas complejos.,"Una pregunta clara!

Un modelo computacional se refiere a una representación matemática o algebraica de un problema físico, químico, biológico o cualquier otro tipo de sistema complejo, que se puede resolver utilizando métodos numéricos y algoritmos computacionales.

En otras palabras, un modelo computacional es un conjunto de ecuaciones y algoritmos que simulan el comportamiento del sistema objetivo, permitiendo predecir su evolución en diferentes condiciones o escenarios. Estos modelos pueden ser utilizados para analizar, diseñar, optimizar y predecir el comportamiento de sistemas complejos en una variedad de campos, como la física, la química, la biología, la ingeniería, entre otros.

En el contexto del texto que proporcionaste, los modelos computacionales se refieren a las ecuaciones matemáticas que describen el comportamiento térmico del microprocesador, y cómo se pueden resolver utilizando métodos numéricos para obtener información sobre la distribución espacial de temperaturas en el sistema."
Â¿CuÃ¡l es el propÃ³sito del modelo matemÃ¡tico descrito para la disipaciÃ³n de calor en un microprocesador?,"El modelo matemÃ¡tico tiene como objetivo predecir la temperatura del microprocesador en funciÃ³n de la potencia disipada y el tiempo, utilizando ecuaciones diferenciales que describen la transferencia de calor.","El propósito del modelo matemático descrito es calcular la distribución espacial de temperaturas en el microprocesador, específicamente en un caso 1D estacionario. El objetivo principal es entender cómo se disipa el calor dentro del microprocesador y cómo esto afecta su rendimiento.

En resumen, el modelo matemático se utiliza para:

* Simular la conductividad térmica y conveción del aire que rodea al microprocesador
* Calcular la distribución espacial de temperaturas en el microprocesador
* Estudiar cómo diferentes factores, como la velocidad del aire y las fuentes de calor, afectan la disipación de calor

El modelo se basa en ecuaciones que describen la conservación de la energía y la masa dentro del sistema, así como la conductividad térmica y conveción. El objetivo es obtener una comprensión más profunda de cómo funciona el microprocesador y cómo puede ser optimizado para mejorar su rendimiento y reducir el ruido.

En este contexto, el modelo se utiliza para:

* Analizar la eficiencia de diferentes diseños de ventilación
* Optimizar las condiciones de operación del microprocesador para minimizar el ruido y el consumo de energía
* Estudiar los efectos de diferentes factores sobre la disipación de calor en microprocesadores

En resumen, el propósito del modelo matemático es ayudar a entender cómo se disipa el calor dentro del microprocesador y cómo esto afecta su rendimiento, lo que puede ser útil para diseñar y optimizar sistemas más eficientes."
Â¿QuÃ© es un modelo fÃ­sico?,Un modelo fÃ­sico es una representaciÃ³n simplificada de un sistema real que se utiliza para entender y predecir su comportamiento.,"No tengo suficiente información para determinar qué modelo físico se refiere a la pregunta. La pregunta parece ser una parte de un texto académico o de investigación que discute sobre modelos matemáticos y métodos numéricos, pero no proporciona suficiente contexto para identificar qué modelo físico específico se está preguntando.

Si puedes proporcionar más información o contexto sobre el modelo físico en cuestión, estaré encantado de ayudarte a entender qué es."
Â¿QuÃ© es la termodinÃ¡mica?,"La termodinÃ¡mica es la rama de la fÃ­sica que estudia las relaciones entre el calor, el trabajo y la energÃ­a.","La termodinámica es una rama de la física que estudia las propiedades y comportamientos de los sistemas termodinámicos, que son aquellos que se pueden describir mediante la ley de conservación de la energía y la entropía.

La termodinámica se ocupa del estudio de fenómenos como el calor, la temperatura, la expansión y el cambio de estado de los materiales, así como la relación entre la energía y la entropía en sistemas cerrados o abiertos.

Algunas de las conceptos más importantes en la termodinámica incluyen:

* La ley de conservación de la energía: establece que la energía total de un sistema cerrado es constante con el tiempo.
* La ley de conservación de la entropía: establece que la entropía total de un sistema cerrado es constante con el tiempo.
* El concepto de temperatura: una medida del promedio de energía de las partículas en un sistema.
* El concepto de calor: la transferencia de energía debido a la diferencia de temperatura entre dos sistemas.

La termodinámica tiene aplicaciones en una variedad de campos, como la ingeniería, la física, la química y la biología, y es fundamental para entender muchos fenómenos naturales y tecnológicos."
Â¿QuÃ© es un modelo matemÃ¡tico?,"Un modelo matemÃ¡tico es una representaciÃ³n matemÃ¡tica de un sistema o fenÃ³meno real, que utiliza ecuaciones y variables para describir su comportamiento.","Un modelo matemático es una representación simplificada o aproximada de un sistema real o natural utilizando ecuaciones y fórmulas matemáticas. Estos modelos se utilizan para describir y analizar fenómenos naturales, sociales, económicos, biológicos, etc.

En el contexto de la mecánica computacional, los modelos matemáticos se utilizan para describir sistemas físicos y representar sus comportamientos mediante ecuaciones diferenciales. Estas ecuaciones pueden ser del tipo ordinarias (con una variable independiente) o parciales (con variables dependientes).

Algunos ejemplos de modelos matemáticos incluyen:

* Ecuaciones de Navier-Stokes para describir el movimiento de fluidos
* Ecuaciones de Maxwell para describir la propagación de ondas electromagnéticas
* Ecuaciones de calor para describir la difusión térmica en materiales
* Modelos de crecimiento poblacional para describir la evolución de las poblaciones

En general, un modelo matemático es una herramienta poderosa para analizar y predecir el comportamiento de sistemas complejos, pero también puede ser simplista o inexacto si no se consideran los detalles reales del sistema que está tratando de modelar.

En el contexto de la pregunta original, las ecuaciones diferenciales presentadas en el texto parecen ser un ejemplo de modelo matemático utilizado para describir un fenómeno físico."
Â¿QuÃ© son las condiciones iniciales en un problema de transferencia de calor?,Las condiciones iniciales son los valores de temperatura y otras variables relevantes en el momento inicial del anÃ¡lisis.,"Una pregunta clara!

Las condiciones iniciales (o condiciones de inicialización) son los valores que se asignan a las variables del problema al momento de comenzar el cálculo numérico o analítico. En el caso de un problema de transferencia de calor, como se describe en el texto proporcionado, las condiciones iniciales suelen ser:

1. Temperatura inicial: El valor de la temperatura en cada punto del dominio (Ω) al momento de comenzar el cálculo.
2. Condición de contorno: Los valores de la temperatura en la frontera (Γ) del dominio, que pueden ser constantes o variar con la posición.

En el caso específico del texto proporcionado, se menciona que las condiciones iniciales son:

TP = TL ∀P = 1 ∶ 4

Esto significa que la temperatura (TP) es igual a la temperatura límite (TL) en cada punto de la grilla (P = 1 a 4). Esto implica que el problema se inicia con una temperatura constante en todo el dominio.

Es importante mencionar que las condiciones iniciales pueden variar dependiendo del problema específico y del tipo de modelo matemático utilizado. En algunos casos, se pueden requerir condiciones adicionales, como la velocidad o la conductividad térmica, para completar la descripción del problema."
